index,Message
1, Your future self will thank you for not skipping the gym today.
2," Your body will thank you later. Let's make gains, not excuses."
3, You're one workout away from a better mood. Trust me.
4, You'll regret not going more than you'll regret going. Trust me.
5, You'll feel so much better after a good sweat session. Join me!
6," You know you'll regret not going, bro. Let's do this!"
7," We're building a solid foundation for our future selves, dude."
8," We're a team, bro! Let's motivate each other to greatness."
9," Think about those gains, bro! We can't skip leg day."
10, The gym is where we become legends. Let's make progress today!
11, The gym is where excuses go to die. Let's slay those excuses today!
12, The gym is where excuses and weakness get crushed. Let's go!
13, Skipping the gym now will only make it harder to get back on track.
14, Skipping the gym is like skipping an opportunity to be awesome.
15," Remember, we're working on becoming the best versions of ourselves."
16, Remember why you started this fitness journey. Keep pushing forward.
17," Remember our fitness goals, man? We're in this together!"
18, Picture yourself with that ripped physique. It's all about consistency.
19," One rep at a time, one step closer to our goals. Join me!"
20," Okay, last try. Come to the gym, and I'll even let you choose the workout. "
21," No pain, no gain, bro! We got this."
22, Let's push ourselves to the limit and beyond. No limits!
23," Let's lift some iron and chase those gains, my friend!"
24, Just think of how proud you'll feel after completing today's workout.
25, I've got some killer workout tunes lined up. You don't want to miss it!
26, I'm on my way. You coming or not?
27, I'll even spot you on bench press today. Can't say no to that!
28, I'll buy you a protein shake after the workout. How can you say no to that?
29, I can't do it without my gym buddy. Are you in?
30," I believe in you, bro. Let's do this!"
31," Hey, dude! It's gym o'clock! Let's hit the weights today."
32, Gym time = therapy time. Clear your mind and crush those weights!
33," Going to the gym is a promise to yourself, man. Let's keep it."
34," Even if it's a quick workout, it's better than nothing. Let's go!"
35, Don't let laziness get the best of you. Let's crush it at the gym!
36, Don't let a lazy day turn into a lazy week. Let's break the cycle!
37," Consistency is key, man. Let's stay on track."
38," Come on, man! Gym time is the best time. No excuses!"
39," Come on, just one workout won't hurt. You'll feel amazing afterward."
40, A little sweat never hurt anyone. Let's get our sweat on!
41,"No excuses, bro! It's time to lift heavy and crush those weights!"
42,"Gym time, beast mode ON! "
43,"Stop slacking, and start stacking those gains at the gym!"
44,Real champs don't skip leg day. Get to the gym and squat like a boss!
45,"Time to unleash the beast within! Gym awaits, bro!"
46,"Quit whining and start grinding at the gym, bro!"
47,"No pain, no gain. Lift, grunt, and dominate that gym, my dude!"
48,Are you here to make excuses or make gains? Gym is waiting!
49,Gym isn't for the faint-hearted. Strap in and go beast mode!
50,"Sweat like a pig, lift like a gorilla. Gym time, bro!"
51,"If it doesn't challenge you, it doesn't change you. Crush it at the gym!"
52,Your competition is working out right now. Get to the gym and outwork them!
53,"Time to show the iron who's boss! Gym, bro, NOW!"
54,"Gym is where excuses go to die. Push your limits, bro!"
55,"Muscles are built, not born. Lift heavy, lift hard!"
56,"Gym isn't a hobby; it's a way of life. Let's go, gym warrior!"
57,"Rise and grind, bro! Champions are made in the gym!"
58,"Stop dreaming, start lifting! Gym is where the magic happens."
59,"If you're not sweating buckets, you're not doing it right. Hit the gym, bro!"
60,"You want results? You gotta put in the work. Gym time, broseidon!"
61,"Quit flexing on the couch, bro! Time to flex at the gym!"
62,"Bro, your muscles are calling, and they want some iron!"
63,"Protein shakes or excuses? Gym first, gains later!"
64,"If you ain't sweating, you ain't working! Gym or bust!"
65,Gym: where we turn 'I can't' into 'I can and I did'!
66,"Hey, champ! The gym is where winners are made. Let's go!"
67,"Leg day? More like 'LEGEND' day! Get to the gym, bro!"
68,Your future self will thank you for hitting the gym today!
69,"Who needs luck when you have determination? Crush it at the gym, bro!"
70,Don't just lift weights; lift your spirits at the gym!
71,Skip the excuses and bring your 'A' game to the gym!
72,"Gym o'clock, bro! Time to build those biceps and demolish doubt!"
73,"Sore today, strong tomorrow. Gym time, my dude!"
74,"No room for laziness, only room for gains. Gym, NOW!"
75,"Let's make today a 'swole' day! Gym, bro, no excuses!"
76,Gym isn't just a place; it's a state of mind. Get in that zone!
77,"Hey, bro! Sweat now, shine later. The gym is your path to glory!"
78,You don't get what you wish for; you get what you work for. Gym it up!
79,Gym buddies don't let gym buddies skip leg day. Let's go!
80,"Procrastination is the enemy of gains. Crush it at the gym, warrior!"
81,I KNOW YOUR JUST SITTING ON YOUR ASS RIGHT NOW GO TO THE GYM
82,Go to the gym you lazy loser
83,you're literally doing nothing just GO TO THE GYM
84,"Hey pal, its gym time!!!!!!!!!!!!"
85,you are so ridiculously lazy if you're not going to the gym right now.
86,imagine not going to the gym right now. 
87,Your mother would be so dissapointed if she knew you weren't in the gym right now
88,You have nothing going on in your life. Might as well go to the gym
89,Your pet dog is staring at you from heaven with disgust. Get to the gym.
90,Your father would dissown you if he saw you not in the gym right now
91,Im frankly disgusted that you're not in the gym right now
92,You have nothing left to live for but muscles. Just get in the gym
93,You think you deserve to be a student at upenn and you're not in the gym????
94,"Wowwww. Skipping again, huh?"
95,"Men used to go to war, now they sit on their ass to avoid the gym."
96,You're ruining the only thing going for you by not going in the gym?
97,Your gym bros would hat you for this.
98,Typical. Skipping leg day
99,You don't deserve a life this good when all you do is skip the gym
100,I heard only babies aren't in the gym right now
101,You have no life if you dont go to the gym
102,Last one to the gym is a lazy loser! oh wait...
103,You have no choice but going to the gym right now.
104,"I shouldn't have to keep telling you this, but get in the gym"
105,Time to unleash your inner gymosaur and get your prehistoric pump on!
106,Let's turn your sweat into liquid awesome at the Temple of Gainz!
107,"Guess what? The gym called, and it wants its superhero back – with or without the cape."
108,The elliptical machine called your name; it said you owe it a date.
109,"Don't be a human, be a gym-an!"
110,Quit 'weighting' around and start 'lifting' around!
111,Put the 'fun' in 'fundamental fitness' and join me at the gym!
112,The gym is the ultimate playground for grown-ups – time to swing on those monkey bars!
113,Your inner sloth is getting restless; take it to the gym for some slow-motion cardio!
114,Let's go to the gym and find out if your sweat can unlock hidden superpowers.
115,"Meet me at the iron jungle, where the dumbbells roam free!"
116,"Gym time: because 'resting' is for napping, not your muscles!"
117,Your muscles are like pets – they need regular exercise or they'll run wild!
118,The gym is like an art gallery for your body; it's time to sculpt a masterpiece!
119,"It's 'flex o'clock' at the gym, and you're invited to the show!"
120,Sweat is just fat crying – let's make those fat cells sob at the gym!
121,"Don't be a 'no pain, no gain' cliché; be a 'weird and wonderful gains' legend!"
122,Let's go to the gym and find out if you're secretly the next fitness guru!
123,"No one ever regrets a workout, but they do regret the cake they didn't eat – so let's hit the gym!"
124,The grim reaper is skipping rope; better catch up at the gym.
125,"Life is meaningless, but at least you can have killer abs while you ponder that at the gym."
126,"Procrastination might be your best skill, but the gym will show you what your worst skill is."
127,"Your couch is just a silent, judgmental witness to your lazy existence. The gym is where you prove it wrong."
128,"Don't worry, your excuses are safe and sound at home. They'll still be there when you return from the gym."
129,"Remember, muscles don't grow on trees; they grow at the gym, and it won't be easy."
130,Why run from your problems when you can lift them at the gym?
131,The only six-pack you currently have is in the fridge. Time to change that at the gym.
132,"At the gym, you can temporarily forget about the futility of life – or not. Your choice."
133,Gym: where you can drown your existential crisis in sweat instead of alcohol.
134,Your treadmill is more reliable than your friends – it's always there when you need it.
135,Embrace the void... or the squat rack. Your call.
136,The gym is like a midlife crisis without the sports car. Go find your fitness Ferrari.
137,"Life is a series of disappointments, but the gym doesn't have to be one of them."
138,Don't worry about getting lost in life; you'll definitely get lost in the gym maze.
139,"OMG, gym sesh, anyone? Let's get that sweat drip, fam! "
140,Low-key craving those gym vibes – who's down to flex together? 
141,"No cap, it's time to get those gains, y'all. Slide into the gym, it's lit! "
142,"NGL, the gym is calling my name RN. Let's level up our fitness game, squad! "
143,"TikTok dances are cool, but have you tried busting moves at the gym? Let's hit it, legends! "
144,"Issa gym ting, peeps! Time to grind and flex like nobody's watching. Who's in? "
145,"My fitness goals are trending, and I'm making it happen IRL. Join the workout party, fam! "
146,"BRB, gotta go crush it at the gym. Join me for some epic sweat sesh, yeah? "
147,"FOMO alert: Gym session in progress! Slide in and let's slay those reps, queens and kings! "
148,"Swipe up for a one-way ticket to Gainzville, where fitness dreams come true! "
149,"We're about to get gym-tok famous, peeps! Join the fit fam and let's break a sweat, like, RN! "
150,"It's a flex zone at the gym – the only drama here is which weight to pick up! Let's go, trendsetters! "
151,"Who needs coffee when you can have pre-workout, amirite? Meet me at the gym, energy squad! "
152,"Our fitness journey is about to go viral! Get ready for some epic gym content, squad! "
153,"Gym time = lit time. Let's turn those fitness goals into reality, squad! "
154,"No excuses, just results, fam! The gym is where the glow-up happens. Join me! "
155,"Let's make our reps as viral as our TikToks! Gym session, anyone? "
156,"Sorry, Netflix, but the gym is calling my name. Who's up for a sweat sesh, legends? "
157,"New week, new goals, same lit gym crew. Join the grind, peeps!"
158,"Gym time, because we're out here chasing those #FitTok gains! Who's with me?"
159,I will have a fantastic workout session.
160,It’s not about being perfect. It’s about giving your best.
161,"I am focused, disciplined, and ready to do my best."
162,"I am strong, and working out comes easily to me."
163,I can do any exercise I set my mind to.
164,I love working out every day.
165,I am always motivated to exercise.
166,I am proud of my progress.
167,My gym is a great place to be.
168,I love leading an active life.
169,Exercising makes me happy and strong.
170,"In the grand tradition of underwhelming decisions, might I suggest attending the gym today?"
171,"In the spirit of balanced reporting, I present the gym – a place where the pursuit of toned muscles often collides with the desire for a prolonged lie-in."
172,"Should you ever feel inclined to engage in the rigorous activity of lifting heavy metal, the gym shall remain an option."
173,"A most curious institution, the gym, where one may engage in voluntary exhaustion while paying for the privilege."
174,The gym: where individuals masquerade as pained automatons in a quest for bodily optimization.
175,"If you find yourself with a surplus of energy and a deficit of purpose, the gym awaits your begrudging attendance."
176,"In the annals of human history, the gym stands as a testament to mankind's peculiar fascination with self-inflicted discomfort."
177,"Remarkably, the gym remains open for those who wish to experience the thrill of running in place while staring at a blank wall."
178,"Dear Madam, I must cordially invite you to embark on a journey to the gym, a place where one may impersonate a hamster on a wheel."
179,"Ever tried a rowing machine? It's like a video game, but you get fit!"
180,"Ah, the gym, where one may partake in the curious practice of lifting heavy objects repeatedly for reasons that escape me entirely."
181,Have I ever told you how lazy you are
182,Every day is a day to improve and get better! 
183,At this rate you'll never hit a plate
184,Your weakness disgusts me 
185,You have never persevered in anything in your life 
186,Believe in yourself. You can go to the gym today.
187,You're slower than tortoise. Go to the gym buddy
188,"""Saturday night, the prime time for gym rats and fitness fanatics. Are we in for a wild time or what?"""
189,Walk your talk. It's time to go to the gym
190,Keep your streak going. One step at a time...
191,"If you spend all your days doing nothing, what can you accomplish"
192,Sometimes in life all you need is a little diedication. 
193,Rome wasn't built in a aay. Hit the gym starting from today  
194,"""Hey, if I can make time for the gym, so can you. No more excuses."""
195,"""You complain about being stressed all the time. Exercise is a proven stress-buster. Let's go."""
196,"""Think about how much more confident you'll feel after getting into a gym routine."""
197,"""I'm going, and you're coming with me. Let's get you out of this slump."""
198,"""You've wasted enough time saying 'I'll start next week.' Well, guess what? It's 'next week."
199,Go to the gym and you willl be him